Strategy,Mean APR,Success Rate,Avg Steps
PPO-Best,0.5038587075471878,0.0,60.0
Random,0.5007519614696503,0.0,60.0
Greedy-ZPD,0.5012973320484161,0.0,60.0
